{
  "schema": "SpearheadMatrixTech",
  "params": {
    "pop": 30,
    "gens": 30,
    "eval": 25,
    "elite": 5,
    "mutateProb": 0.3,
    "seed": 1,
    "map": "lab1",
    "pool": 6,
    "ticks": 4000,
    "opponents": [
      "Spearhead",
      "Stalker",
      "Crusader",
      "Pinwheel",
      "Stalker_g1_363a00",
      "Trinity",
      "Spearhead_g1_bf0e20",
      "Spearhead_g1_fbedc2",
      "Spearhead_g1_72c4f8",
      "Membrane"
    ]
  },
  "finalEval": 75,
  "defaultFitness": 2.8,
  "top": [
    {
      "vec": {
        "attackerBonus": 1.4991493900872308,
        "emptyBonus": 15.512753764283994,
        "friendlyPenalty": -29.474161897001206,
        "commitThreshold": 0.4011996250953517,
        "kernel": [
          -2.742434137543507,
          2.9318951821375485,
          0.2126134190197769,
          1.7497320396662617,
          -1.5120335043057596,
          0.0238499305756667,
          -0.5429064942331134,
          0.5941451128279404,
          -0.3081306564247214,
          -0.11977785919145315,
          2.0886765700376513,
          -1.1042165594601425,
          -1.063943999479116,
          -0.4522543562133552,
          0.41461099769929577,
          0.7563150060330629,
          2.3812942323456108,
          2.6909494964065983,
          -0.8318680547933127,
          0.5137071720393872,
          0.8755785580700046,
          -0.5238871018482618,
          -0.8117336027557243,
          -1.4005836544566064,
          -0.8884957720779838
        ],
        "tech": [
          46,
          0,
          1,
          2,
          2
        ]
      },
      "fitness": 0.14666666666666667,
      "wins": 72,
      "played": 75
    },
    {
      "vec": {
        "attackerBonus": 1.5075180989657473,
        "emptyBonus": 14.125830611777001,
        "friendlyPenalty": -27.34826671227765,
        "commitThreshold": 0.3866082555150222,
        "kernel": [
          -2.742434137543507,
          2.9318951821375485,
          0.30720787710996644,
          1.569703354021199,
          -1.5120335043057596,
          0.0238499305756667,
          -0.5429064942331134,
          1.1561373252001736,
          0.05074188415494457,
          -0.11977785919145315,
          0.6608687672094892,
          -1.1042165594601425,
          -1.063943999479116,
          -0.6528350436718238,
          -0.1334635214230901,
          0.6641724571136541,
          2.3812942323456108,
          1.7153209744341806,
          -0.8744290307424601,
          0.5137071720393872,
          0.8755785580700046,
          -0.8943198605744987,
          -0.8981713682687031,
          -1.3339251182622345,
          -0.8884957720779838
        ],
        "tech": [
          50,
          0,
          2,
          2,
          1
        ]
      },
      "fitness": 0.17333333333333334,
      "wins": 71,
      "played": 75
    },
    {
      "vec": {
        "attackerBonus": 1.5394805223802004,
        "emptyBonus": 12.202297199170971,
        "friendlyPenalty": -30.75479839996073,
        "commitThreshold": 0.4011996250953517,
        "kernel": [
          -2.742434137543507,
          3,
          -0.915504565982824,
          1.7497320396662617,
          -1.101293768976055,
          -0.6025722738477581,
          -0.5429064942331134,
          0.8841244911031101,
          -0.5760481830370479,
          -0.22311817304315293,
          0.7340322556356376,
          -0.8452490228279566,
          -1.0188308853638104,
          -1.1413822396765545,
          0.5841592971666545,
          0.53627957656608,
          2.3812942323456108,
          1.8983256055713813,
          -0.8318680547933127,
          0.8087805878120743,
          0.8755785580700046,
          -0.8943198605744987,
          -0.4380961200089871,
          -0.6306471551131781,
          -2.401294046054617
        ],
        "tech": [
          44,
          0,
          1,
          2,
          2
        ]
      },
      "fitness": 0.2,
      "wins": 71,
      "played": 75
    },
    {
      "vec": {
        "attackerBonus": 1.5079007668395465,
        "emptyBonus": 12.202297199170971,
        "friendlyPenalty": -24.24809998944405,
        "commitThreshold": 0.3231362702133835,
        "kernel": [
          -2.3854296214759856,
          2.400405320667716,
          -0.915504565982824,
          1.6709799117155382,
          -1.9248919142694114,
          -0.05753141024228574,
          -0.5744410562442266,
          -0.3307168834133561,
          -0.7230665729429622,
          -0.3573234947428134,
          0.7980971424858128,
          -0.8452490228279566,
          -1.0188308853638104,
          -1.0677948061320615,
          0.6753178936391815,
          0.8803678633795254,
          2.3812942323456108,
          1.7606127526757351,
          -0.8297617478758398,
          1.339722519347459,
          0.8755785580700046,
          -1.2956189710498776,
          -0.5319038546305969,
          -0.6306471551131781,
          -1.0841491277760933
        ],
        "tech": [
          48,
          0,
          1,
          2,
          2
        ]
      },
      "fitness": 0.21333333333333335,
      "wins": 71,
      "played": 75
    },
    {
      "vec": {
        "attackerBonus": 1.5394805223802004,
        "emptyBonus": 12.202297199170971,
        "friendlyPenalty": -30.75479839996073,
        "commitThreshold": 0.3609964355980727,
        "kernel": [
          -2.742434137543507,
          3,
          -1.1276252333023955,
          1.7497320396662617,
          -1.101293768976055,
          -0.6025722738477581,
          -0.5487134832716178,
          0.28360797104311,
          -0.5760481830370479,
          -0.22311817304315293,
          0.7340322556356376,
          -0.8452490228279566,
          -1.2119157900401216,
          -1.1413822396765545,
          0.5741799908381283,
          0.6822856324743016,
          2.3812942323456108,
          1.8983256055713813,
          -0.8318680547933127,
          0.8087805878120743,
          0.8755785580700046,
          -0.8943198605744987,
          -0.4380961200089871,
          -0.7993221335775352,
          -2.401294046054617
        ],
        "tech": [
          42,
          0,
          1,
          2,
          2
        ]
      },
      "fitness": 0.26666666666666666,
      "wins": 70,
      "played": 75
    }
  ]
}
