{
  "schema": "SpearheadMatrix",
  "params": {
    "pop": 30,
    "gens": 30,
    "eval": 20,
    "elite": 5,
    "mutateProb": 0.3,
    "seed": 1,
    "map": "lab1",
    "pool": 6,
    "ticks": 4000,
    "opponents": [
      "Spearhead",
      "Stalker",
      "Crusader",
      "Pinwheel",
      "Stalker_g1_363a00",
      "Trinity",
      "Spearhead_g1_bf0e20",
      "Spearhead_g1_fbedc2",
      "Spearhead_g1_72c4f8",
      "Membrane"
    ]
  },
  "finalEval": 60,
  "defaultFitness": 2.7,
  "top": [
    {
      "vec": {
        "attackerBonus": 1.4537790100909553,
        "emptyBonus": 33.98750053863687,
        "friendlyPenalty": -5.494243707001746,
        "commitThreshold": 0.15777789970113312,
        "kernel": [
          -0.6141102468609656,
          -1.2472077992523642,
          -0.37990251041319245,
          -1.1187750254758528,
          -0.4493163719189724,
          0.4160542832470009,
          0.8900983949819568,
          1.3959538314691615,
          -2.7853564343398234,
          0.08357666924415298,
          1.4805059685827868,
          0.9007952326322456,
          1.0207967814164391,
          -0.0961800916932119,
          -1.4250476040116762,
          -0.1517277415783904,
          0.741133446906229,
          0.3150338473714884,
          -1.8156988744238909,
          0.5124642863165187,
          0.8861866563876195,
          -0.31748310291924153,
          0.5670562033718549,
          -0.39615124580221994,
          1.0662587212483947
        ]
      },
      "fitness": 2.25,
      "wins": 5,
      "played": 60
    },
    {
      "vec": {
        "attackerBonus": 1.5078729880351052,
        "emptyBonus": 34.252303160447255,
        "friendlyPenalty": -6.741599769627355,
        "commitThreshold": 0,
        "kernel": [
          -0.21550236225390795,
          -0.3558572810799194,
          -0.19361522460340252,
          -0.6157408113401585,
          -0.4493163719189724,
          0.4160542832470009,
          1.2801207945253668,
          1.9284621776041,
          -2.412923196658451,
          -0.03578947036261418,
          1.2439478638159933,
          0.568711865600424,
          -0.06360271640244404,
          0.05250103747279311,
          -1.4250476040116762,
          -0.2572987131177501,
          0.24074229213472265,
          -0.04267735746572622,
          -1.2097629869209412,
          0.7495125780506056,
          1.2357731965885062,
          -0.07665647926468133,
          0.024967352337448102,
          0.1096481348606186,
          0.459122881752189
        ]
      },
      "fitness": 2.566666666666667,
      "wins": 6,
      "played": 60
    },
    {
      "vec": {
        "attackerBonus": 1.4537790100909553,
        "emptyBonus": 38.9314648323861,
        "friendlyPenalty": 0,
        "commitThreshold": 0.16627842262682477,
        "kernel": [
          -0.055809480510583764,
          -1.0223905418252932,
          -0.37990251041319245,
          -0.8093306906551957,
          -0.4493163719189724,
          0.524687263791586,
          1.2801207945253668,
          1.4369922798181969,
          -2.505807701563976,
          0.09634016577381749,
          1.3126412255256072,
          0.9007952326322456,
          0.10581567958709982,
          -0.28962271221893804,
          -1.6425664708227512,
          -0.2572987131177501,
          0.4644904779395022,
          -0.21688894773921885,
          -1.5833148933948902,
          0.5891690033333965,
          0.8861866563876195,
          -0.5422967692536349,
          0.5670562033718549,
          -0.022136202087022994,
          0.7726856472888608
        ]
      },
      "fitness": 2.566666666666667,
      "wins": 5,
      "played": 60
    },
    {
      "vec": {
        "attackerBonus": 1.4063597870150737,
        "emptyBonus": 32.38649715931894,
        "friendlyPenalty": -5.766379482921506,
        "commitThreshold": 0.1475228846896276,
        "kernel": [
          0.22940130252637145,
          -0.31175250712396296,
          0.13317357950585176,
          -0.7112564793415868,
          -0.5853407334172993,
          0.4160542832470009,
          1.9524383697973389,
          1.2571041434097292,
          -2.3449952451588723,
          0.12258664590885482,
          1.2439478638159933,
          1.0208422237705348,
          0.9327711113702726,
          -0.3120955539202637,
          -1.1417231934666159,
          -0.6128667274980666,
          0.4417041749710187,
          -0.2569477460742644,
          -0.6899902032253308,
          0.5807747171411506,
          0.35343567930298203,
          -0.008432520956930367,
          -0.1676409678158294,
          -0.6768904670130136,
          0.20136019503321506
        ]
      },
      "fitness": 2.816666666666667,
      "wins": 5,
      "played": 60
    },
    {
      "vec": {
        "attackerBonus": 1.4293667265241559,
        "emptyBonus": 34.252303160447255,
        "friendlyPenalty": -4.2663920875567065,
        "commitThreshold": 0.16627842262682477,
        "kernel": [
          -0.21550236225390795,
          -0.7938123735249327,
          -0.37990251041319245,
          -0.6157922664019575,
          -0.4493163719189724,
          0.4160542832470009,
          1.2801207945253668,
          1.3959538314691615,
          -2.80145678363363,
          0.09634016577381749,
          1.3126412255256072,
          0.9007952326322456,
          -0.06360271640244404,
          -0.28962271221893804,
          -1.77339788064132,
          -0.2572987131177501,
          0.24074229213472265,
          -0.46172883284968735,
          -1.3753497247197655,
          0.5124642863165187,
          0.8861866563876195,
          -0.3357972424471513,
          0.671079341992795,
          -0.022136202087022994,
          1.1026953332447587
        ]
      },
      "fitness": 2.8333333333333335,
      "wins": 0,
      "played": 60
    }
  ]
}
